<?xml version="1.0" encoding="utf-8"?>
<extension type="module" version="2.5.4" client="site" method="upgrade">
    <name>GTranslate</name>
    <author>Edvard Ananyan</author>
    <creationDate>September 2010</creationDate>
    <copyright>Copyright (C) 2008-2013 Edvard Ananyan. All rights reserved.</copyright>
    <license>GNU/GPL v3 http://www.gnu.org/licenses/gpl.html</license>
    <authorEmail>edo888@gmail.com</authorEmail>
    <authorUrl>http://gtranslate.net</authorUrl>
    <version>3.0.x.32</version>
    <description>
    <![CDATA[
    <span style='float:left;font-weight:normal;text-align:left;'>GTranslate - Makes your website multilingual and available to the world.<br/><br/><a href='http://gtranslate.net/docs/54-joomla-module-documentation' target='_blank' class='btn btn-large btn-info'><i class='icon-support'></i> Documentation</a> &nbsp; <a href='http://extensions.joomla.org/extensions/languages/automatic-translations/4823' target='_blank' class='btn btn-large btn-warning'><i class='icon-comments'></i> Reviews</a><br/><br/>
    <h3>Tour Video</h3>
    <iframe src="http://player.vimeo.com/video/30132555?title=1&amp;byline=0&amp;portrait=0" width="568" height="360" frameborder="0" webkitAllowFullScreen mozallowfullscreen allowFullScreen></iframe>
    <p>If you would like to <i>edit translations manually</i> and have <i>SEF URLs</i> (http://domain.com<u>/es/</u>, http://domain.com<u>/fr/</u>, http://domain.com<u>/it/</u>, etc.) for translated languages or you want your <i>translated pages to be indexed</i> in search engines to <i>increase international traffic</i> you may consider <a href="http://gtranslate.net/features?xyz=997" target="_blank">GTranslate Pro</a> version.</p>
    <h3>Translation Delivery Network</h3>
    <iframe src="http://player.vimeo.com/video/38686858?title=1&amp;byline=0&amp;portrait=0" width="568" height="360" frameborder="0" webkitAllowFullScreen mozallowfullscreen allowFullScreen></iframe>
    <p>If you would like to use our next generation <i>cloud service</i> which will allow you to <i>host your languages</i> on top level country domain name (ccTLD) to <i>rank higher</i> on local search engines results you may consider <a href="http://gtranslate.net/features?xyz=997" target="_blank">GTranslate Enterprise</a> a <a href="http://gtranslate.net/translation-delivery-network" target="_blank">Translation Delivery Network</a>. In that case for example for Spanish you can have <u>es.domain.com</u> or <u>domain.es</u> if you own it.</p>
    <br/><b>Version: 3.0.x.32</b><br/>Copyright &copy; 2008-2013 Edvard Ananyan, All rights reserved. <a href='http://gtranslate.net' target='_blank'><b>http://gtranslate.net</b></a></span>
    ]]>
    </description>

    <files>
        <filename module="mod_gtranslate">mod_gtranslate.php</filename>
        <filename>helper.php</filename>
        <filename>index.html</filename>
        <folder>tmpl</folder>
    </files>

    <config>
        <fields name="params">
            <fieldset name="basic">
                <field name="moduleclass_sfx" type="text" default="" label="Module Class Suffix" description="A suffix to be applied to the css class of the module (table.moduletable), this allows individual module styling" />
                <field name="pro_version" type="radio" class="btn-group" default="0" label="Operate with GTranslate Pro version" description="If you purchased GTranslate Pro version and it is installed, just turn on this option to have SEF URLs with language codes (/es, /fr, /it, etc.), enable language editing feature and search engine indexing of the translated pages. Visit http://gtranslate.net for more details.">
                    <option value="0">Off</option>
                    <option value="1">On</option>
                </field>
                <field name="enterprise_version" type="radio" class="btn-group" default="0" label="Operate with GTranslate Enterprise" description="If you have purchased GTranslate Enterprise service, just turn on this option to have SEF domains with language codes (es.example.com, fr.example.com, it.example.com, etc.), enable language editing feature and search engine indexing of the translated pages. Visit http://gtranslate.net for more details.">
                    <option value="0">Off</option>
                    <option value="1">On</option>
                </field>
                <field name="method" type="radio" class="btn-group" default="onfly" label="Translation method" description="Select which method shall be used when translating the page. Google Default will show only a dropdown provided by Google and it will translate the page on the fly, but you cannot configure it's appearance. Redirect method will redirect the visitor to the translated page. It requires your site to be online, localhost will not work. If the Pro version is installed it will use SEF URLs (/es, /fr, /it, etc.) and keep the visitor on your domain, also it can work on localhost.">
                    <option value="google_default">Google Default</option>
                    <option value="standard">Redirect</option>
                    <option value="onfly">On Fly</option>
                </field>
                <field name="look" type="list" default="both" label="Look" description="The way it will appear in your site (can be used except Google Default method)">
                    <option value="flags">Flags</option>
                    <option value="dropdown">Drop down list</option>
                    <option value="both">Both</option>
                </field>
                <field name="flag_size" type="radio" class="btn-group" default="16" label="Flag size" description="Size of the language flags">
                    <option value="16">16</option>
                    <option value="24">24</option>
                    <option value="32">32</option>
                </field>
                <field name="orientation" type="radio" class="btn-group" default="h" label="Orientation" description="Display translation bar horizontally or vertically">
                    <option value="h">Horizontal</option>
                    <option value="v">Vertical</option>
                </field>
                <field name="new_tab" type="radio" class="btn-group" default="0" label="Open translated page in new window" description="Opens translated page in new window">
                    <option value="0">Off</option>
                    <option value="1">On</option>
                </field>
                <field name="analytics" type="radio" class="btn-group" default="0" label="Analytics" description="If you have Google Analytics new code on your site (_gaq). You can enable this which will allow you to see translation events in Google Analytics -&gt; Content -&gt; Event Tracking. Note: Will not work if you use Google Default translation method.">
                    <option value="0">Off</option>
                    <option value="1">On</option>
                </field>
                <field name="language" type="list" default="en" label="Site Language" description="Your site's native language">
                    <option value="af">Afrikaans</option>
                    <option value="sq">Albanian</option>
                    <option value="ar">Arabic</option>
                    <option value="hy">Armenian</option>
                    <option value="az">Azerbaijani</option>
                    <option value="eu">Basque</option>
                    <option value="be">Belarusian</option>
                    <option value="bg">Bulgarian</option>
                    <option value="ca">Catalan</option>
                    <option value="zh-CN">Chinese (Simplified)</option>
                    <option value="zh-TW">Chinese (Traditional)</option>
                    <option value="hr">Croatian</option>
                    <option value="cs">Czech</option>
                    <option value="da">Danish</option>
                    <option value="nl">Dutch</option>
                    <option value="en">English</option>
                    <option value="et">Estonian</option>
                    <option value="tl">Filipino</option>
                    <option value="fi">Finnish</option>
                    <option value="fr">French</option>
                    <option value="gl">Galician</option>
                    <option value="ka">Georgian</option>
                    <option value="de">German</option>
                    <option value="el">Greek</option>
                    <option value="ht">Haitian Creole</option>
                    <option value="iw">Hebrew</option>
                    <option value="hi">Hindi</option>
                    <option value="hu">Hungarian</option>
                    <option value="is">Icelandic</option>
                    <option value="id">Indonesian</option>
                    <option value="ga">Irish</option>
                    <option value="it">Italian</option>
                    <option value="ja">Japanese</option>
                    <option value="ko">Korean</option>
                    <option value="lv">Latvian</option>
                    <option value="lt">Lithuanian</option>
                    <option value="mk">Macedonian</option>
                    <option value="ms">Malay</option>
                    <option value="mt">Maltese</option>
                    <option value="no">Norwegian</option>
                    <option value="fa">Persian</option>
                    <option value="pl">Polish</option>
                    <option value="pt">Portuguese</option>
                    <option value="ro">Romanian</option>
                    <option value="ru">Russian</option>
                    <option value="sr">Serbian</option>
                    <option value="sk">Slovak</option>
                    <option value="sl">Slovenian</option>
                    <option value="es">Spanish</option>
                    <option value="sw">Swahili</option>
                    <option value="sv">Swedish</option>
                    <option value="th">Thai</option>
                    <option value="tr">Turkish</option>
                    <option value="uk">Ukrainian</option>
                    <option value="ur">Urdu</option>
                    <option value="vi">Vietnamese</option>
                    <option value="cy">Welsh</option>
                    <option value="yi">Yiddish</option>
                </field>
                <field name="show_af" type="radio" class="btn-group" default="1" label="Show Afrikaans" description="Show Afrikaans in language list">
                    <option value="1">Yes</option>
                    <option value="0">No</option>
                    <option value="2">As a flag</option>
                </field>
                <field name="show_sq" type="radio" class="btn-group" default="1" label="Show Albanian" description="Show Albanian in language list">
                    <option value="1">Yes</option>
                    <option value="0">No</option>
                    <option value="2">As a flag</option>
                </field>
                <field name="show_ar" type="radio" class="btn-group" default="1" label="Show Arabic" description="Show Arabic in language list">
                    <option value="1">Yes</option>
                    <option value="0">No</option>
                    <option value="2">As a flag</option>
                </field>
                <field name="show_hy" type="radio" class="btn-group" default="1" label="Show Armenian" description="Show Armenian in language list">
                    <option value="1">Yes</option>
                    <option value="0">No</option>
                    <option value="2">As a flag</option>
                </field>
                <field name="show_az" type="radio" class="btn-group" default="1" label="Show Azerbaijani" description="Show Azerbaijani in language list">
                    <option value="1">Yes</option>
                    <option value="0">No</option>
                    <option value="2">As a flag</option>
                </field>
                <field name="show_eu" type="radio" class="btn-group" default="1" label="Show Basque" description="Show Basque in language list">
                    <option value="1">Yes</option>
                    <option value="0">No</option>
                    <option value="2">As a flag</option>
                </field>
                <field name="show_be" type="radio" class="btn-group" default="1" label="Show Belarusian" description="Show Belarusian in language list">
                    <option value="1">Yes</option>
                    <option value="0">No</option>
                    <option value="2">As a flag</option>
                </field>
                <field name="show_bg" type="radio" class="btn-group" default="1" label="Show Bulgarian" description="Show Bulgarian in language list">
                    <option value="1">Yes</option>
                    <option value="0">No</option>
                    <option value="2">As a flag</option>
                </field>
                <field name="show_ca" type="radio" class="btn-group" default="1" label="Show Catalan" description="Show Catalan in language list">
                    <option value="1">Yes</option>
                    <option value="0">No</option>
                    <option value="2">As a flag</option>
                </field>
                <field name="show_zh-CN" type="radio" class="btn-group" default="1" label="Show Chinese (Simplified)" description="Show Chinese (Simplified) in language list">
                    <option value="1">Yes</option>
                    <option value="0">No</option>
                    <option value="2">As a flag</option>
                </field>
                <field name="show_zh-TW" type="radio" class="btn-group" default="1" label="Show Chinese (Traditional)" description="Show Chinese (Traditional) in language list">
                    <option value="1">Yes</option>
                    <option value="0">No</option>
                    <option value="2">As a flag</option>
                </field>
                        <field name="show_hr" type="radio" class="btn-group" default="1" label="Show Croatian" description="Show Croatian in language list">
                    <option value="1">Yes</option>
                    <option value="0">No</option>
                    <option value="2">As a flag</option>
                </field>
                <field name="show_cs" type="radio" class="btn-group" default="1" label="Show Czech" description="Show Czech in language list">
                    <option value="1">Yes</option>
                    <option value="0">No</option>
                    <option value="2">As a flag</option>
                </field>
                <field name="show_da" type="radio" class="btn-group" default="1" label="Show Danish" description="Show Danish in language list">
                    <option value="1">Yes</option>
                    <option value="0">No</option>
                    <option value="2">As a flag</option>
                </field>
                <field name="show_nl" type="radio" class="btn-group" default="1" label="Show Dutch" description="Show Dutch in language list">
                    <option value="1">Yes</option>
                    <option value="0">No</option>
                    <option value="2">As a flag</option>
                </field>
                <field name="show_en" type="radio" class="btn-group" default="2" label="Show English" description="Show English in language list">
                    <option value="1">Yes</option>
                    <option value="0">No</option>
                    <option value="2">As a GB flag</option>
                    <option value="3">As a US flag</option>
                </field>
                <field name="show_et" type="radio" class="btn-group" default="1" label="Show Estonian" description="Show Estonian in language list">
                    <option value="1">Yes</option>
                    <option value="0">No</option>
                    <option value="2">As a flag</option>
                </field>
                <field name="show_tl" type="radio" class="btn-group" default="1" label="Show Filipino" description="Show Filipino in language list">
                    <option value="1">Yes</option>
                    <option value="0">No</option>
                    <option value="2">As a flag</option>
                </field>
                <field name="show_fi" type="radio" class="btn-group" default="1" label="Show Finnish" description="Show Finnish in language list">
                    <option value="1">Yes</option>
                    <option value="0">No</option>
                    <option value="2">As a flag</option>
                </field>
                <field name="show_fr" type="radio" class="btn-group" default="2" label="Show French" description="Show French in language list">
                    <option value="1">Yes</option>
                    <option value="0">No</option>
                    <option value="2">As a flag</option>
                </field>
                <field name="show_gl" type="radio" class="btn-group" default="1" label="Show Galician" description="Show Galician in language list">
                    <option value="1">Yes</option>
                    <option value="0">No</option>
                    <option value="2">As a flag</option>
                </field>
                        <field name="show_ka" type="radio" class="btn-group" default="1" label="Show Georgian" description="Show Georgian in language list">
                    <option value="1">Yes</option>
                    <option value="0">No</option>
                    <option value="2">As a flag</option>
                </field>
                <field name="show_de" type="radio" class="btn-group" default="2" label="Show German" description="Show German in language list">
                    <option value="1">Yes</option>
                    <option value="0">No</option>
                    <option value="2">As a flag</option>
                </field>
                <field name="show_el" type="radio" class="btn-group" default="1" label="Show Greek" description="Show Greek in language list">
                    <option value="1">Yes</option>
                    <option value="0">No</option>
                    <option value="2">As a flag</option>
                </field>
                <field name="show_ht" type="radio" class="btn-group" default="1" label="Show Haitian Creole" description="Show Haitian Creole in language list">
                    <option value="1">Yes</option>
                    <option value="0">No</option>
                    <option value="2">As a flag</option>
                </field>
                <field name="show_iw" type="radio" class="btn-group" default="1" label="Show Hebrew" description="Show Hebrew in language list">
                    <option value="1">Yes</option>
                    <option value="0">No</option>
                    <option value="2">As a flag</option>
                </field>
                <field name="show_hi" type="radio" class="btn-group" default="1" label="Show Hindi" description="Show Hindi in language list">
                    <option value="1">Yes</option>
                    <option value="0">No</option>
                    <option value="2">As a flag</option>
                </field>
                <field name="show_hu" type="radio" class="btn-group" default="1" label="Show Hungarian" description="Show Hungarian in language list">
                    <option value="1">Yes</option>
                    <option value="0">No</option>
                    <option value="2">As a flag</option>
                </field>
                <field name="show_is" type="radio" class="btn-group" default="1" label="Show Icelandic" description="Show Icelandic in language list">
                    <option value="1">Yes</option>
                    <option value="0">No</option>
                    <option value="2">As a flag</option>
                </field>
                <field name="show_id" type="radio" class="btn-group" default="1" label="Show Indonesian" description="Show Indonesian in language list">
                    <option value="1">Yes</option>
                    <option value="0">No</option>
                    <option value="2">As a flag</option>
                </field>
                <field name="show_ga" type="radio" class="btn-group" default="1" label="Show Irish" description="Show Irish in language list">
                    <option value="1">Yes</option>
                    <option value="0">No</option>
                    <option value="2">As a flag</option>
                </field>
                <field name="show_it" type="radio" class="btn-group" default="2" label="Show Italian" description="Show Italian in language list">
                    <option value="1">Yes</option>
                    <option value="0">No</option>
                    <option value="2">As a flag</option>
                </field>
                <field name="show_ja" type="radio" class="btn-group" default="1" label="Show Japanese" description="Show Japanese in language list">
                    <option value="1">Yes</option>
                    <option value="0">No</option>
                    <option value="2">As a flag</option>
                </field>
                <field name="show_ko" type="radio" class="btn-group" default="1" label="Show Korean" description="Show Korean in language list">
                    <option value="1">Yes</option>
                    <option value="0">No</option>
                    <option value="2">As a flag</option>
                </field>
                <field name="show_lv" type="radio" class="btn-group" default="1" label="Show Latvian" description="Show Latvian in language list">
                    <option value="1">Yes</option>
                    <option value="0">No</option>
                    <option value="2">As a flag</option>
                </field>
                <field name="show_lt" type="radio" class="btn-group" default="1" label="Show Lithuanian" description="Show Lithuanian in language list">
                    <option value="1">Yes</option>
                    <option value="0">No</option>
                    <option value="2">As a flag</option>
                </field>
                <field name="show_mk" type="radio" class="btn-group" default="1" label="Show Macedonian" description="Show Macedonian in language list">
                    <option value="1">Yes</option>
                    <option value="0">No</option>
                    <option value="2">As a flag</option>
                </field>
                <field name="show_ms" type="radio" class="btn-group" default="1" label="Show Malay" description="Show Malay in language list">
                    <option value="1">Yes</option>
                    <option value="0">No</option>
                    <option value="2">As a flag</option>
                </field>
                <field name="show_mt" type="radio" class="btn-group" default="1" label="Show Maltese" description="Show Maltese in language list">
                    <option value="1">Yes</option>
                    <option value="0">No</option>
                    <option value="2">As a flag</option>
                </field>
                <field name="show_no" type="radio" class="btn-group" default="1" label="Show Norwegian" description="Show Norwegian in language list">
                    <option value="1">Yes</option>
                    <option value="0">No</option>
                    <option value="2">As a flag</option>
                </field>
                <field name="show_fa" type="radio" class="btn-group" default="1" label="Show Persian" description="Show Persian in language list">
                    <option value="1">Yes</option>
                    <option value="0">No</option>
                    <option value="2">As a flag</option>
                </field>
                <field name="show_pl" type="radio" class="btn-group" default="1" label="Show Polish" description="Show Polish in language list">
                    <option value="1">Yes</option>
                    <option value="0">No</option>
                    <option value="2">As a flag</option>
                </field>
                <field name="show_pt" type="radio" class="btn-group" default="2" label="Show Portuguese" description="Show Portuguese in language list">
                    <option value="1">Yes</option>
                    <option value="0">No</option>
                    <option value="2">As a PT flag</option>
                    <option value="3">As a BR flag</option>
                </field>
                <field name="show_ro" type="radio" class="btn-group" default="1" label="Show Romanian" description="Show Romanian in language list">
                    <option value="1">Yes</option>
                    <option value="0">No</option>
                    <option value="2">As a flag</option>
                </field>
                <field name="show_ru" type="radio" class="btn-group" default="2" label="Show Russian" description="Show Russian in language list">
                    <option value="1">Yes</option>
                    <option value="0">No</option>
                    <option value="2">As a flag</option>
                </field>
                        <field name="show_sr" type="radio" class="btn-group" default="1" label="Show Serbian" description="Show Serbian in language list">
                    <option value="1">Yes</option>
                    <option value="0">No</option>
                    <option value="2">As a flag</option>
                </field>
                <field name="show_sk" type="radio" class="btn-group" default="1" label="Show Slovak" description="Show Slovak in language list">
                    <option value="1">Yes</option>
                    <option value="0">No</option>
                    <option value="2">As a flag</option>
                </field>
                <field name="show_sl" type="radio" class="btn-group" default="1" label="Show Slovenian" description="Show Slovenian in language list">
                    <option value="1">Yes</option>
                    <option value="0">No</option>
                    <option value="2">As a flag</option>
                </field>
                <field name="show_es" type="radio" class="btn-group" default="2" label="Show Spanish" description="Show Spanish in language list">
                    <option value="1">Yes</option>
                    <option value="0">No</option>
                    <option value="2">As a ES flag</option>
                    <option value="3">As a MX flag</option>
                </field>
                <field name="show_sw" type="radio" class="btn-group" default="1" label="Show Swahili" description="Show Swahili in language list">
                    <option value="1">Yes</option>
                    <option value="0">No</option>
                    <option value="2">As a flag</option>
                </field>
                <field name="show_sv" type="radio" class="btn-group" default="1" label="Show Swedish" description="Show Swedish in language list">
                    <option value="1">Yes</option>
                    <option value="0">No</option>
                    <option value="2">As a flag</option>
                </field>
                <field name="show_th" type="radio" class="btn-group" default="1" label="Show Thai" description="Show Thai in language list">
                    <option value="1">Yes</option>
                    <option value="0">No</option>
                    <option value="2">As a flag</option>
                </field>
                <field name="show_tr" type="radio" class="btn-group" default="1" label="Show Turkish" description="Show Turkish in language list">
                    <option value="1">Yes</option>
                    <option value="0">No</option>
                    <option value="2">As a flag</option>
                </field>
                <field name="show_uk" type="radio" class="btn-group" default="1" label="Show Ukrainian" description="Show Ukrainian in language list">
                    <option value="1">Yes</option>
                    <option value="0">No</option>
                    <option value="2">As a flag</option>
                </field>
                <field name="show_ur" type="radio" class="btn-group" default="1" label="Show Urdu" description="Show Urdu in language list">
                    <option value="1">Yes</option>
                    <option value="0">No</option>
                    <option value="2">As a flag</option>
                </field>
                <field name="show_vi" type="radio" class="btn-group" default="1" label="Show Vietnamese" description="Show Vietnamese in language list">
                    <option value="1">Yes</option>
                    <option value="0">No</option>
                    <option value="2">As a flag</option>
                </field>
                <field name="show_cy" type="radio" class="btn-group" default="1" label="Show Welsh" description="Show Welsh in language list">
                    <option value="1">Yes</option>
                    <option value="0">No</option>
                    <option value="2">As a flag</option>
                </field>
                <field name="show_yi" type="radio" class="btn-group" default="1" label="Show Yiddish" description="Show Yiddish in language list">
                    <option value="1">Yes</option>
                    <option value="0">No</option>
                    <option value="2">As a flag</option>
                </field>
            </fieldset>

            <fieldset name="advanced">
                <field name="cache" type="list" default="1" label="COM_MODULES_FIELD_CACHING_LABEL" description="COM_MODULES_FIELD_CACHING_DESC">
                    <option value="1">JGLOBAL_USE_GLOBAL</option>
                    <option value="0">COM_MODULES_FIELD_VALUE_NOCACHING</option>
                </field>
                <field name="cache_time" type="text" default="900" label="COM_MODULES_FIELD_CACHE_TIME_LABEL" description="COM_MODULES_FIELD_CACHE_TIME_DESC" />
                <field name="cachemode" type="hidden" default="static">
                    <option value="static"></option>
                </field>
            </fieldset>
        </fields>
    </config>
</extension>