<?xml version="1.0" encoding="utf-8"?>
<RSinstall type="rsformbackup">
<name>RSform backup</name>
<creationDate>2013-06-28</creationDate>
<author>admin</author>
<copyright>(C) 2013 http://www.u4ria.lc/</copyright>
<authorEmail>td.gamei@gmail.com</authorEmail>
<authorUrl>http://www.u4ria.lc/</authorUrl>
<version>1.4.0</version>
<revision>44</revision>
<description>RSForm! Pro Backup</description>
<tasks>
	<task type="query"><![CDATA[INSERT INTO `#__rsform_forms` (`FormId`,`FormName`,`FormLayout`,`FormLayoutName`,`FormLayoutAutogenerate`,`CSS`,`JS`,`FormTitle`,`Published`,`Lang`,`ReturnUrl`,`ShowThankyou`,`Thankyou`,`ShowContinue`,`UserEmailText`,`UserEmailTo`,`UserEmailCC`,`UserEmailBCC`,`UserEmailFrom`,`UserEmailReplyTo`,`UserEmailFromName`,`UserEmailSubject`,`UserEmailMode`,`UserEmailAttach`,`UserEmailAttachFile`,`AdminEmailText`,`AdminEmailTo`,`AdminEmailCC`,`AdminEmailBCC`,`AdminEmailFrom`,`AdminEmailReplyTo`,`AdminEmailFromName`,`AdminEmailSubject`,`AdminEmailMode`,`ScriptProcess`,`ScriptProcess2`,`ScriptDisplay`,`UserEmailScript`,`AdminEmailScript`,`AdditionalEmailsScript`,`MetaTitle`,`MetaDesc`,`MetaKeywords`,`Required`,`ErrorMessage`,`MultipleSeparator`,`TextareaNewLines`,`CSSClass`,`CSSId`,`CSSName`,`CSSAction`,`CSSAdditionalAttributes`,`AjaxValidation`,`ThemeParams`,`Keepdata`,`Backendmenu`,`ConfirmSubmission`) VALUES ('','Price Reduction For This Product - Alert','<div class=\"componentheading\">{global:formtitle}</div>\n{error}\n<table border=\"0\">\n	<tr class=\"rsform-block rsform-block-pricealert\">\n		<td>{PriceAlert:caption}</td>\n		<td>{PriceAlert:body}<div class=\"formClr\"></div>{PriceAlert:validation}</td>\n		<td>{PriceAlert:description}</td>\n	</tr>\n</table>\n','inline','1','','','Price Reduction For This Product - Alert','1','en-GB','','1','','1','<p>Dear #USER,</p>\r\n<p>Product #PRODUCT </p>\r\n<p>Old Price #OLDPRICE</p>\r\n<p>New Price #PRICE</p>\r\n<p> </p>\r\n<p>U4ria Shop,</p>','','','','','','','','1','0','','','','','','admin@u4ria.com','','','','1','','','','','','','0','','','(*)','<p class=\"formRed\">Please complete all required fields!</p>','\\n','1','pricealert','pricealert','pricealert','','','0','','1','0','0' )]]></task>
	<task type="eval" source="">$GLOBALS['q_FormId'] = $db->insertid();</task>
	<task type="eval" source="">$GLOBALS['ComponentIds'] = array();</task>
	<task type="query"><![CDATA[INSERT INTO `#__rsform_components` (`ComponentId`,`FormId`,`ComponentTypeId`,`Order`,`Published`) VALUES ('','{FormId}','10','0','1' )]]></task>
	<task type="eval" source="">$GLOBALS['q_ComponentId'] = $db->insertid();</task>
	<task type="query"><![CDATA[INSERT INTO `#__rsform_properties` (`PropertyId`,`ComponentId`,`PropertyName`,`PropertyValue`) VALUES ('','{ComponentId}','NAME','PriceAlert' )]]></task>
	<task type="query"><![CDATA[INSERT INTO `#__rsform_properties` (`PropertyId`,`ComponentId`,`PropertyName`,`PropertyValue`) VALUES ('','{ComponentId}','TEXT','Price Reduction For This Product - Alert' )]]></task>
	<task type="query"><![CDATA[INSERT INTO `#__rsform_properties` (`PropertyId`,`ComponentId`,`PropertyName`,`PropertyValue`) VALUES ('','{ComponentId}','EMAILATTACH','' )]]></task>
	<task type="eval" source=""><![CDATA[$GLOBALS['ComponentIds']['PriceAlert'] = $GLOBALS['q_ComponentId'];]]></task>
	<task type="query"><![CDATA[INSERT INTO `#__rsform_posts` (`form_id`,`enabled`,`method`,`silent`,`url`) VALUES ('{FormId}','0','1','1','http://' )]]></task>
	<task type="query"><![CDATA[INSERT INTO `#__rsform_forms` (`FormId`,`FormName`,`FormLayout`,`FormLayoutName`,`FormLayoutAutogenerate`,`CSS`,`JS`,`FormTitle`,`Published`,`Lang`,`ReturnUrl`,`ShowThankyou`,`Thankyou`,`ShowContinue`,`UserEmailText`,`UserEmailTo`,`UserEmailCC`,`UserEmailBCC`,`UserEmailFrom`,`UserEmailReplyTo`,`UserEmailFromName`,`UserEmailSubject`,`UserEmailMode`,`UserEmailAttach`,`UserEmailAttachFile`,`AdminEmailText`,`AdminEmailTo`,`AdminEmailCC`,`AdminEmailBCC`,`AdminEmailFrom`,`AdminEmailReplyTo`,`AdminEmailFromName`,`AdminEmailSubject`,`AdminEmailMode`,`ScriptProcess`,`ScriptProcess2`,`ScriptDisplay`,`UserEmailScript`,`AdminEmailScript`,`AdditionalEmailsScript`,`MetaTitle`,`MetaDesc`,`MetaKeywords`,`Required`,`ErrorMessage`,`MultipleSeparator`,`TextareaNewLines`,`CSSClass`,`CSSId`,`CSSName`,`CSSAction`,`CSSAdditionalAttributes`,`AjaxValidation`,`ThemeParams`,`Keepdata`,`Backendmenu`,`ConfirmSubmission`) VALUES ('','New Review For This Product','<div class=\"componentheading\">{global:formtitle}</div>\n{error}\n<table border=\"0\">\n</table>\n','inline','1','','','New Review For This Product','1','en-GB','','1','','1','<p>Dear #USER,</p>\r\n<p>New Review for Product #PRODUCT</p>','','','','u4ria@u4ria.com','','u4ria','product_new_review','1','0','','<p>Dear #USER,</p>\r\n<p>New Review for Product #ABC</p>','','','','admin@u4ria.com','','U4ria','New Review','1','','','','','','','0','','','(*)','<p class=\"formRed\">Please complete all required fields!</p>','\\n','1','','userForm','','','','0','','1','0','0' )]]></task>
	<task type="eval" source="">$GLOBALS['q_FormId'] = $db->insertid();</task>
	<task type="eval" source="">$GLOBALS['ComponentIds'] = array();</task>
	<task type="query"><![CDATA[INSERT INTO `#__rsform_posts` (`form_id`,`enabled`,`method`,`silent`,`url`) VALUES ('{FormId}','0','1','1','http://' )]]></task>
</tasks>
</RSinstall>