<?xml version="1.0" encoding="utf-8"?>
<RSinstall type="rsformbackup">
<name>RSform backup</name>
<creationDate>2013-06-10</creationDate>
<author>admin</author>
<copyright>(C) 2013 http://www.u4riashop.com/demo69/</copyright>
<authorEmail>truonghx_1412@yahoo.com</authorEmail>
<authorUrl>http://www.u4riashop.com/demo69/</authorUrl>
<version>1.4.0</version>
<revision>44</revision>
<description>RSForm! Pro Backup</description>
<tasks>
	<task type="query"><![CDATA[INSERT INTO `#__rsform_forms` (`FormId`,`FormName`,`FormLayout`,`FormLayoutName`,`FormLayoutAutogenerate`,`CSS`,`JS`,`FormTitle`,`Published`,`Lang`,`ReturnUrl`,`ShowThankyou`,`Thankyou`,`ShowContinue`,`UserEmailText`,`UserEmailTo`,`UserEmailCC`,`UserEmailBCC`,`UserEmailFrom`,`UserEmailReplyTo`,`UserEmailFromName`,`UserEmailSubject`,`UserEmailMode`,`UserEmailAttach`,`UserEmailAttachFile`,`AdminEmailText`,`AdminEmailTo`,`AdminEmailCC`,`AdminEmailBCC`,`AdminEmailFrom`,`AdminEmailReplyTo`,`AdminEmailFromName`,`AdminEmailSubject`,`AdminEmailMode`,`ScriptProcess`,`ScriptProcess2`,`ScriptDisplay`,`UserEmailScript`,`AdminEmailScript`,`AdditionalEmailsScript`,`MetaTitle`,`MetaDesc`,`MetaKeywords`,`Required`,`ErrorMessage`,`MultipleSeparator`,`TextareaNewLines`,`CSSClass`,`CSSId`,`CSSName`,`CSSAction`,`CSSAdditionalAttributes`,`AjaxValidation`,`ThemeParams`,`Keepdata`,`Backendmenu`,`ConfirmSubmission`) VALUES ('','feedback','{error}\r\n<!-- Do not remove this ID, it is used to identify the page so that the pagination script can work correctly -->\r\n<table border=\"0\" id=\"rsform_3_page_0\">\r\n	<tr>\r\n		<td valign=\"top\">\r\n			<div>\r\n				<div class=\"formField rsform-block rsform-block-description\">\r\n				{description:caption}<br/>\r\n				{description:body}<br/>\r\n				{description:validation}\r\n				{description:description}<br/>\r\n				</div>\r\n				<div class=\"formField rsform-block rsform-block-feedback-content\">\r\n				{feedback_content:caption}<br/>\r\n				{feedback_content:body}<br/>\r\n				{feedback_content:validation}\r\n				{feedback_content:description}<br/>\r\n				</div>\r\n				<div class=\"formField rsform-block rsform-block-appropriate-contact\">\r\n				{appropriate_contact:caption}<br/>\r\n				{appropriate_contact:body}<br/>\r\n				{appropriate_contact:validation}\r\n				{appropriate_contact:description}<br/>\r\n				</div>\r\n				<div class=\"formField rsform-block rsform-block-email\">\r\n				{Email:caption}<br/>\r\n				{Email:body}<br/>\r\n				{Email:validation}\r\n				{Email:description}<br/>\r\n				</div>\r\n			</div>\r\n		</td>\r\n		<td valign=\"top\">\r\n			<div>\r\n				<div class=\"formField rsform-block rsform-block-captcha\">\r\n				{captcha:caption}<br/>\r\n				{captcha:body}<br/>\r\n				{captcha:validation}\r\n				{captcha:description}<br/>\r\n				</div>\r\n				<div class=\"formField rsform-block rsform-block-sendpreview\">\r\n				{sendpreview:caption}<br/>\r\n				{sendpreview:body}<br/>\r\n				{sendpreview:validation}\r\n				{sendpreview:description}<br/>\r\n				</div>\r\n				<div class=\"formField rsform-block rsform-block-product-name\">\r\n				{product_name:caption}<br/>\r\n				{product_name:body}<br/>\r\n				{product_name:validation}\r\n				{product_name:description}<br/>\r\n				</div>\r\n			</div>\r\n		</td>\r\n	</tr>\r\n</table>\r\n','2cols2lines','0','','','feedback','1','en-GB','','1','<p>Thank you for your submission! We will contact you as soon as possible.</p>','1','<p>Thank you for contacting us. We will get back to you as soon as possible.</p>','{Email:value}','','','truonghx_1412@yahoo.com','','u4ria','Thank you for your submission!','1','0','','<p>You have a new submission.</p>','{appropriate_contact:value}','','','{Email:value}','','Feedback from U4ria','New submission from \'feedback\'!','1','','','$session =& JFactory::getSession();\r\n$product_name = $session->get(\'product_name\');\r\n$product_id = $session->get(\'product_id\');\r\n$formLayout = str_replace(\'@PRODUCT_NAME\',$product_name ,$formLayout);\r\n$formLayout = str_replace(\'@PRODUCT_ID\',$product_id ,$formLayout);','','','','0','','','(*)','<p class=\"formRed\">Please complete all required fields!</p>','\\n','1','','userForm','','','','0','','1','0','0' )]]></task>
	<task type="eval" source="">$GLOBALS['q_FormId'] = $db->insertid();</task>
	<task type="eval" source="">$GLOBALS['ComponentIds'] = array();</task>
	<task type="query"><![CDATA[INSERT INTO `#__rsform_components` (`ComponentId`,`FormId`,`ComponentTypeId`,`Order`,`Published`) VALUES ('','{FormId}','10','1','1' )]]></task>
	<task type="eval" source="">$GLOBALS['q_ComponentId'] = $db->insertid();</task>
	<task type="query"><![CDATA[INSERT INTO `#__rsform_properties` (`PropertyId`,`ComponentId`,`PropertyName`,`PropertyValue`) VALUES ('','{ComponentId}','NAME','description' )]]></task>
	<task type="query"><![CDATA[INSERT INTO `#__rsform_properties` (`PropertyId`,`ComponentId`,`PropertyName`,`PropertyValue`) VALUES ('','{ComponentId}','TEXT','If you have a question about \"@PRODUCT_NAME\", or just have a general enquiry about this page or product let us know here.\r\n' )]]></task>
	<task type="query"><![CDATA[INSERT INTO `#__rsform_properties` (`PropertyId`,`ComponentId`,`PropertyName`,`PropertyValue`) VALUES ('','{ComponentId}','EMAILATTACH','' )]]></task>
	<task type="eval" source=""><![CDATA[$GLOBALS['ComponentIds']['description'] = $GLOBALS['q_ComponentId'];]]></task>
	<task type="query"><![CDATA[INSERT INTO `#__rsform_components` (`ComponentId`,`FormId`,`ComponentTypeId`,`Order`,`Published`) VALUES ('','{FormId}','2','3','1' )]]></task>
	<task type="eval" source="">$GLOBALS['q_ComponentId'] = $db->insertid();</task>
	<task type="query"><![CDATA[INSERT INTO `#__rsform_properties` (`PropertyId`,`ComponentId`,`PropertyName`,`PropertyValue`) VALUES ('','{ComponentId}','NAME','feedback_content' )]]></task>
	<task type="query"><![CDATA[INSERT INTO `#__rsform_properties` (`PropertyId`,`ComponentId`,`PropertyName`,`PropertyValue`) VALUES ('','{ComponentId}','CAPTION','Your Feedback:' )]]></task>
	<task type="query"><![CDATA[INSERT INTO `#__rsform_properties` (`PropertyId`,`ComponentId`,`PropertyName`,`PropertyValue`) VALUES ('','{ComponentId}','DEFAULTVALUE','' )]]></task>
	<task type="query"><![CDATA[INSERT INTO `#__rsform_properties` (`PropertyId`,`ComponentId`,`PropertyName`,`PropertyValue`) VALUES ('','{ComponentId}','DESCRIPTION','' )]]></task>
	<task type="query"><![CDATA[INSERT INTO `#__rsform_properties` (`PropertyId`,`ComponentId`,`PropertyName`,`PropertyValue`) VALUES ('','{ComponentId}','REQUIRED','NO' )]]></task>
	<task type="query"><![CDATA[INSERT INTO `#__rsform_properties` (`PropertyId`,`ComponentId`,`PropertyName`,`PropertyValue`) VALUES ('','{ComponentId}','VALIDATIONEXTRA','' )]]></task>
	<task type="query"><![CDATA[INSERT INTO `#__rsform_properties` (`PropertyId`,`ComponentId`,`PropertyName`,`PropertyValue`) VALUES ('','{ComponentId}','VALIDATIONRULE','none' )]]></task>
	<task type="query"><![CDATA[INSERT INTO `#__rsform_properties` (`PropertyId`,`ComponentId`,`PropertyName`,`PropertyValue`) VALUES ('','{ComponentId}','VALIDATIONMESSAGE','Invalid Input' )]]></task>
	<task type="query"><![CDATA[INSERT INTO `#__rsform_properties` (`PropertyId`,`ComponentId`,`PropertyName`,`PropertyValue`) VALUES ('','{ComponentId}','COLS','50' )]]></task>
	<task type="query"><![CDATA[INSERT INTO `#__rsform_properties` (`PropertyId`,`ComponentId`,`PropertyName`,`PropertyValue`) VALUES ('','{ComponentId}','ROWS','5' )]]></task>
	<task type="query"><![CDATA[INSERT INTO `#__rsform_properties` (`PropertyId`,`ComponentId`,`PropertyName`,`PropertyValue`) VALUES ('','{ComponentId}','WYSIWYG','NO' )]]></task>
	<task type="query"><![CDATA[INSERT INTO `#__rsform_properties` (`PropertyId`,`ComponentId`,`PropertyName`,`PropertyValue`) VALUES ('','{ComponentId}','ADDITIONALATTRIBUTES','' )]]></task>
	<task type="query"><![CDATA[INSERT INTO `#__rsform_properties` (`PropertyId`,`ComponentId`,`PropertyName`,`PropertyValue`) VALUES ('','{ComponentId}','EMAILATTACH','' )]]></task>
	<task type="eval" source=""><![CDATA[$GLOBALS['ComponentIds']['feedback_content'] = $GLOBALS['q_ComponentId'];]]></task>
	<task type="query"><![CDATA[INSERT INTO `#__rsform_components` (`ComponentId`,`FormId`,`ComponentTypeId`,`Order`,`Published`) VALUES ('','{FormId}','3','5','1' )]]></task>
	<task type="eval" source="">$GLOBALS['q_ComponentId'] = $db->insertid();</task>
	<task type="query"><![CDATA[INSERT INTO `#__rsform_properties` (`PropertyId`,`ComponentId`,`PropertyName`,`PropertyValue`) VALUES ('','{ComponentId}','NAME','appropriate_contact' )]]></task>
	<task type="query"><![CDATA[INSERT INTO `#__rsform_properties` (`PropertyId`,`ComponentId`,`PropertyName`,`PropertyValue`) VALUES ('','{ComponentId}','CAPTION','Select an appropriate contact to handle your enquiry:' )]]></task>
	<task type="query"><![CDATA[INSERT INTO `#__rsform_properties` (`PropertyId`,`ComponentId`,`PropertyName`,`PropertyValue`) VALUES ('','{ComponentId}','ITEMS','services@u4ria.com|Customer Services\r\nsupport@u4ria.com|Website Support\r\nanh_chang_vui_tinh_1412@yahoo.com|PR Department\r\nbuying@u4ria.com|Buying Department' )]]></task>
	<task type="query"><![CDATA[INSERT INTO `#__rsform_properties` (`PropertyId`,`ComponentId`,`PropertyName`,`PropertyValue`) VALUES ('','{ComponentId}','DESCRIPTION','' )]]></task>
	<task type="query"><![CDATA[INSERT INTO `#__rsform_properties` (`PropertyId`,`ComponentId`,`PropertyName`,`PropertyValue`) VALUES ('','{ComponentId}','REQUIRED','NO' )]]></task>
	<task type="query"><![CDATA[INSERT INTO `#__rsform_properties` (`PropertyId`,`ComponentId`,`PropertyName`,`PropertyValue`) VALUES ('','{ComponentId}','VALIDATIONMESSAGE','Invalid Input' )]]></task>
	<task type="query"><![CDATA[INSERT INTO `#__rsform_properties` (`PropertyId`,`ComponentId`,`PropertyName`,`PropertyValue`) VALUES ('','{ComponentId}','SIZE','' )]]></task>
	<task type="query"><![CDATA[INSERT INTO `#__rsform_properties` (`PropertyId`,`ComponentId`,`PropertyName`,`PropertyValue`) VALUES ('','{ComponentId}','MULTIPLE','NO' )]]></task>
	<task type="query"><![CDATA[INSERT INTO `#__rsform_properties` (`PropertyId`,`ComponentId`,`PropertyName`,`PropertyValue`) VALUES ('','{ComponentId}','ADDITIONALATTRIBUTES','' )]]></task>
	<task type="query"><![CDATA[INSERT INTO `#__rsform_properties` (`PropertyId`,`ComponentId`,`PropertyName`,`PropertyValue`) VALUES ('','{ComponentId}','EMAILATTACH','' )]]></task>
	<task type="eval" source=""><![CDATA[$GLOBALS['ComponentIds']['appropriate_contact'] = $GLOBALS['q_ComponentId'];]]></task>
	<task type="query"><![CDATA[INSERT INTO `#__rsform_components` (`ComponentId`,`FormId`,`ComponentTypeId`,`Order`,`Published`) VALUES ('','{FormId}','1','7','1' )]]></task>
	<task type="eval" source="">$GLOBALS['q_ComponentId'] = $db->insertid();</task>
	<task type="query"><![CDATA[INSERT INTO `#__rsform_properties` (`PropertyId`,`ComponentId`,`PropertyName`,`PropertyValue`) VALUES ('','{ComponentId}','NAME','Email' )]]></task>
	<task type="query"><![CDATA[INSERT INTO `#__rsform_properties` (`PropertyId`,`ComponentId`,`PropertyName`,`PropertyValue`) VALUES ('','{ComponentId}','CAPTION','Optionally, enter your email if you wish to receive a reply:' )]]></task>
	<task type="query"><![CDATA[INSERT INTO `#__rsform_properties` (`PropertyId`,`ComponentId`,`PropertyName`,`PropertyValue`) VALUES ('','{ComponentId}','DEFAULTVALUE','' )]]></task>
	<task type="query"><![CDATA[INSERT INTO `#__rsform_properties` (`PropertyId`,`ComponentId`,`PropertyName`,`PropertyValue`) VALUES ('','{ComponentId}','DESCRIPTION','' )]]></task>
	<task type="query"><![CDATA[INSERT INTO `#__rsform_properties` (`PropertyId`,`ComponentId`,`PropertyName`,`PropertyValue`) VALUES ('','{ComponentId}','REQUIRED','NO' )]]></task>
	<task type="query"><![CDATA[INSERT INTO `#__rsform_properties` (`PropertyId`,`ComponentId`,`PropertyName`,`PropertyValue`) VALUES ('','{ComponentId}','VALIDATIONEXTRA','' )]]></task>
	<task type="query"><![CDATA[INSERT INTO `#__rsform_properties` (`PropertyId`,`ComponentId`,`PropertyName`,`PropertyValue`) VALUES ('','{ComponentId}','VALIDATIONRULE','none' )]]></task>
	<task type="query"><![CDATA[INSERT INTO `#__rsform_properties` (`PropertyId`,`ComponentId`,`PropertyName`,`PropertyValue`) VALUES ('','{ComponentId}','VALIDATIONMESSAGE','Invalid Input' )]]></task>
	<task type="query"><![CDATA[INSERT INTO `#__rsform_properties` (`PropertyId`,`ComponentId`,`PropertyName`,`PropertyValue`) VALUES ('','{ComponentId}','SIZE','20' )]]></task>
	<task type="query"><![CDATA[INSERT INTO `#__rsform_properties` (`PropertyId`,`ComponentId`,`PropertyName`,`PropertyValue`) VALUES ('','{ComponentId}','MAXSIZE','' )]]></task>
	<task type="query"><![CDATA[INSERT INTO `#__rsform_properties` (`PropertyId`,`ComponentId`,`PropertyName`,`PropertyValue`) VALUES ('','{ComponentId}','ADDITIONALATTRIBUTES','' )]]></task>
	<task type="query"><![CDATA[INSERT INTO `#__rsform_properties` (`PropertyId`,`ComponentId`,`PropertyName`,`PropertyValue`) VALUES ('','{ComponentId}','EMAILATTACH','' )]]></task>
	<task type="eval" source=""><![CDATA[$GLOBALS['ComponentIds']['Email'] = $GLOBALS['q_ComponentId'];]]></task>
	<task type="query"><![CDATA[INSERT INTO `#__rsform_components` (`ComponentId`,`FormId`,`ComponentTypeId`,`Order`,`Published`) VALUES ('','{FormId}','8','2','1' )]]></task>
	<task type="eval" source="">$GLOBALS['q_ComponentId'] = $db->insertid();</task>
	<task type="query"><![CDATA[INSERT INTO `#__rsform_properties` (`PropertyId`,`ComponentId`,`PropertyName`,`PropertyValue`) VALUES ('','{ComponentId}','NAME','captcha' )]]></task>
	<task type="query"><![CDATA[INSERT INTO `#__rsform_properties` (`PropertyId`,`ComponentId`,`PropertyName`,`PropertyValue`) VALUES ('','{ComponentId}','CAPTION','Please enter the verification code displayed in the image above.' )]]></task>
	<task type="query"><![CDATA[INSERT INTO `#__rsform_properties` (`PropertyId`,`ComponentId`,`PropertyName`,`PropertyValue`) VALUES ('','{ComponentId}','DESCRIPTION','' )]]></task>
	<task type="query"><![CDATA[INSERT INTO `#__rsform_properties` (`PropertyId`,`ComponentId`,`PropertyName`,`PropertyValue`) VALUES ('','{ComponentId}','VALIDATIONMESSAGE','Invalid Input' )]]></task>
	<task type="query"><![CDATA[INSERT INTO `#__rsform_properties` (`PropertyId`,`ComponentId`,`PropertyName`,`PropertyValue`) VALUES ('','{ComponentId}','IMAGETYPE','FREETYPE' )]]></task>
	<task type="query"><![CDATA[INSERT INTO `#__rsform_properties` (`PropertyId`,`ComponentId`,`PropertyName`,`PropertyValue`) VALUES ('','{ComponentId}','LENGTH','4' )]]></task>
	<task type="query"><![CDATA[INSERT INTO `#__rsform_properties` (`PropertyId`,`ComponentId`,`PropertyName`,`PropertyValue`) VALUES ('','{ComponentId}','BACKGROUNDCOLOR','#FFFFFF' )]]></task>
	<task type="query"><![CDATA[INSERT INTO `#__rsform_properties` (`PropertyId`,`ComponentId`,`PropertyName`,`PropertyValue`) VALUES ('','{ComponentId}','TEXTCOLOR','#000000' )]]></task>
	<task type="query"><![CDATA[INSERT INTO `#__rsform_properties` (`PropertyId`,`ComponentId`,`PropertyName`,`PropertyValue`) VALUES ('','{ComponentId}','TYPE','ALPHA' )]]></task>
	<task type="query"><![CDATA[INSERT INTO `#__rsform_properties` (`PropertyId`,`ComponentId`,`PropertyName`,`PropertyValue`) VALUES ('','{ComponentId}','FLOW','VERTICAL' )]]></task>
	<task type="query"><![CDATA[INSERT INTO `#__rsform_properties` (`PropertyId`,`ComponentId`,`PropertyName`,`PropertyValue`) VALUES ('','{ComponentId}','SHOWREFRESH','NO' )]]></task>
	<task type="query"><![CDATA[INSERT INTO `#__rsform_properties` (`PropertyId`,`ComponentId`,`PropertyName`,`PropertyValue`) VALUES ('','{ComponentId}','REFRESHTEXT','Refresh' )]]></task>
	<task type="query"><![CDATA[INSERT INTO `#__rsform_properties` (`PropertyId`,`ComponentId`,`PropertyName`,`PropertyValue`) VALUES ('','{ComponentId}','SIZE','18' )]]></task>
	<task type="query"><![CDATA[INSERT INTO `#__rsform_properties` (`PropertyId`,`ComponentId`,`PropertyName`,`PropertyValue`) VALUES ('','{ComponentId}','ADDITIONALATTRIBUTES','style=\"text-align:center;width:102px;\"' )]]></task>
	<task type="query"><![CDATA[INSERT INTO `#__rsform_properties` (`PropertyId`,`ComponentId`,`PropertyName`,`PropertyValue`) VALUES ('','{ComponentId}','EMAILATTACH','' )]]></task>
	<task type="eval" source=""><![CDATA[$GLOBALS['ComponentIds']['captcha'] = $GLOBALS['q_ComponentId'];]]></task>
	<task type="query"><![CDATA[INSERT INTO `#__rsform_components` (`ComponentId`,`FormId`,`ComponentTypeId`,`Order`,`Published`) VALUES ('','{FormId}','11','6','1' )]]></task>
	<task type="eval" source="">$GLOBALS['q_ComponentId'] = $db->insertid();</task>
	<task type="query"><![CDATA[INSERT INTO `#__rsform_properties` (`PropertyId`,`ComponentId`,`PropertyName`,`PropertyValue`) VALUES ('','{ComponentId}','NAME','product_name' )]]></task>
	<task type="query"><![CDATA[INSERT INTO `#__rsform_properties` (`PropertyId`,`ComponentId`,`PropertyName`,`PropertyValue`) VALUES ('','{ComponentId}','DEFAULTVALUE','@PRODUCT_NAME' )]]></task>
	<task type="query"><![CDATA[INSERT INTO `#__rsform_properties` (`PropertyId`,`ComponentId`,`PropertyName`,`PropertyValue`) VALUES ('','{ComponentId}','ADDITIONALATTRIBUTES','' )]]></task>
	<task type="query"><![CDATA[INSERT INTO `#__rsform_properties` (`PropertyId`,`ComponentId`,`PropertyName`,`PropertyValue`) VALUES ('','{ComponentId}','EMAILATTACH','' )]]></task>
	<task type="eval" source=""><![CDATA[$GLOBALS['ComponentIds']['product_name'] = $GLOBALS['q_ComponentId'];]]></task>
	<task type="query"><![CDATA[INSERT INTO `#__rsform_components` (`ComponentId`,`FormId`,`ComponentTypeId`,`Order`,`Published`) VALUES ('','{FormId}','13','4','1' )]]></task>
	<task type="eval" source="">$GLOBALS['q_ComponentId'] = $db->insertid();</task>
	<task type="query"><![CDATA[INSERT INTO `#__rsform_properties` (`PropertyId`,`ComponentId`,`PropertyName`,`PropertyValue`) VALUES ('','{ComponentId}','NAME','sendpreview' )]]></task>
	<task type="query"><![CDATA[INSERT INTO `#__rsform_properties` (`PropertyId`,`ComponentId`,`PropertyName`,`PropertyValue`) VALUES ('','{ComponentId}','LABEL','Send Preview' )]]></task>
	<task type="query"><![CDATA[INSERT INTO `#__rsform_properties` (`PropertyId`,`ComponentId`,`PropertyName`,`PropertyValue`) VALUES ('','{ComponentId}','CAPTION','Send Preview' )]]></task>
	<task type="query"><![CDATA[INSERT INTO `#__rsform_properties` (`PropertyId`,`ComponentId`,`PropertyName`,`PropertyValue`) VALUES ('','{ComponentId}','RESET','NO' )]]></task>
	<task type="query"><![CDATA[INSERT INTO `#__rsform_properties` (`PropertyId`,`ComponentId`,`PropertyName`,`PropertyValue`) VALUES ('','{ComponentId}','RESETLABEL','' )]]></task>
	<task type="query"><![CDATA[INSERT INTO `#__rsform_properties` (`PropertyId`,`ComponentId`,`PropertyName`,`PropertyValue`) VALUES ('','{ComponentId}','DISPLAYPROGRESSMSG','<div>\r\n <p><em>Page <strong>{page}</strong> of {total}</em></p>\r\n <div class=\"rsformProgressContainer\">\r\n  <div class=\"rsformProgressBar\" style=\"width: {percent}%;\"></div>\r\n </div>\r\n</div>' )]]></task>
	<task type="query"><![CDATA[INSERT INTO `#__rsform_properties` (`PropertyId`,`ComponentId`,`PropertyName`,`PropertyValue`) VALUES ('','{ComponentId}','PREVBUTTON','PREV' )]]></task>
	<task type="query"><![CDATA[INSERT INTO `#__rsform_properties` (`PropertyId`,`ComponentId`,`PropertyName`,`PropertyValue`) VALUES ('','{ComponentId}','DISPLAYPROGRESS','NO' )]]></task>
	<task type="query"><![CDATA[INSERT INTO `#__rsform_properties` (`PropertyId`,`ComponentId`,`PropertyName`,`PropertyValue`) VALUES ('','{ComponentId}','BUTTONTYPE','TYPEINPUT' )]]></task>
	<task type="query"><![CDATA[INSERT INTO `#__rsform_properties` (`PropertyId`,`ComponentId`,`PropertyName`,`PropertyValue`) VALUES ('','{ComponentId}','ADDITIONALATTRIBUTES','' )]]></task>
	<task type="query"><![CDATA[INSERT INTO `#__rsform_properties` (`PropertyId`,`ComponentId`,`PropertyName`,`PropertyValue`) VALUES ('','{ComponentId}','EMAILATTACH','' )]]></task>
	<task type="eval" source=""><![CDATA[$GLOBALS['ComponentIds']['sendpreview'] = $GLOBALS['q_ComponentId'];]]></task>
	<task type="query"><![CDATA[INSERT INTO `#__rsform_components` (`ComponentId`,`FormId`,`ComponentTypeId`,`Order`,`Published`) VALUES ('','{FormId}','11','8','1' )]]></task>
	<task type="eval" source="">$GLOBALS['q_ComponentId'] = $db->insertid();</task>
	<task type="query"><![CDATA[INSERT INTO `#__rsform_properties` (`PropertyId`,`ComponentId`,`PropertyName`,`PropertyValue`) VALUES ('','{ComponentId}','NAME','product_id' )]]></task>
	<task type="query"><![CDATA[INSERT INTO `#__rsform_properties` (`PropertyId`,`ComponentId`,`PropertyName`,`PropertyValue`) VALUES ('','{ComponentId}','DEFAULTVALUE','@PRODUCT_ID' )]]></task>
	<task type="query"><![CDATA[INSERT INTO `#__rsform_properties` (`PropertyId`,`ComponentId`,`PropertyName`,`PropertyValue`) VALUES ('','{ComponentId}','ADDITIONALATTRIBUTES','' )]]></task>
	<task type="query"><![CDATA[INSERT INTO `#__rsform_properties` (`PropertyId`,`ComponentId`,`PropertyName`,`PropertyValue`) VALUES ('','{ComponentId}','EMAILATTACH','' )]]></task>
	<task type="eval" source=""><![CDATA[$GLOBALS['ComponentIds']['product_id'] = $GLOBALS['q_ComponentId'];]]></task>
	<task type="query"><![CDATA[INSERT INTO `#__rsform_posts` (`form_id`,`enabled`,`method`,`silent`,`url`) VALUES ('{FormId}','0','1','1','http://' )]]></task>
	<task type="query"><![CDATA[INSERT INTO `#__rsform_forms` (`FormId`,`FormName`,`FormLayout`,`FormLayoutName`,`FormLayoutAutogenerate`,`CSS`,`JS`,`FormTitle`,`Published`,`Lang`,`ReturnUrl`,`ShowThankyou`,`Thankyou`,`ShowContinue`,`UserEmailText`,`UserEmailTo`,`UserEmailCC`,`UserEmailBCC`,`UserEmailFrom`,`UserEmailReplyTo`,`UserEmailFromName`,`UserEmailSubject`,`UserEmailMode`,`UserEmailAttach`,`UserEmailAttachFile`,`AdminEmailText`,`AdminEmailTo`,`AdminEmailCC`,`AdminEmailBCC`,`AdminEmailFrom`,`AdminEmailReplyTo`,`AdminEmailFromName`,`AdminEmailSubject`,`AdminEmailMode`,`ScriptProcess`,`ScriptProcess2`,`ScriptDisplay`,`UserEmailScript`,`AdminEmailScript`,`AdditionalEmailsScript`,`MetaTitle`,`MetaDesc`,`MetaKeywords`,`Required`,`ErrorMessage`,`MultipleSeparator`,`TextareaNewLines`,`CSSClass`,`CSSId`,`CSSName`,`CSSAction`,`CSSAdditionalAttributes`,`AjaxValidation`,`ThemeParams`,`Keepdata`,`Backendmenu`,`ConfirmSubmission`) VALUES ('','Price Match','{error}\r\n<table border=\"0\">\r\n	<tr class=\"rsform-block rsform-block-intro\">\r\n		<td colspan=\"3\">{intro:body}</td>\r\n	</tr>\r\n	<tr class=\"rsform-block rsform-block-productname\">\r\n		<td>{productname:caption} (*)</td>\r\n		<td>@ITEM<div class=\"formClr\"></div>{productname:validation}</td>\r\n		<td>{productname:description}</td>\r\n	</tr>\r\n	<tr class=\"rsform-block rsform-block-website\">\r\n		<td>{website:caption} (*)</td>\r\n		<td>{website:body}<div class=\"formClr\"></div>{website:validation}</td>\r\n		<td>{website:description}</td>\r\n	</tr>\r\n	<tr class=\"rsform-block rsform-block-price\">\r\n		<td>{price:caption}</td>\r\n		<td>{price:body}<div class=\"formClr\"></div>{price:validation}</td>\r\n		<td>{price:description}</td>\r\n	</tr>\r\n	<tr class=\"rsform-block rsform-block-how\">\r\n		<td>{how:caption} (*)</td>\r\n		<td>{how:body}<div class=\"formClr\"></div>{how:validation}</td>\r\n		<td>{how:description}</td>\r\n	</tr>\r\n	<tr class=\"rsform-block rsform-block-footertex\">\r\n		<td colspan=\"3\">{footertex:body}</td>\r\n	</tr>\r\n	<tr class=\"rsform-block rsform-block-submit\">\r\n		<td colspan=\"3\">{submit:body}<div class=\"formClr\"></div>{submit:validation}</td>\r\n	</tr>\r\n</table>','inline','0','','','Price Match','1','en-GB','','1','','1','','','','','','','','','1','0','','','','','','','','','','1','','','$db = JFactory::getDBO();\r\n$q = \"\r\nselect p.virtuemart_product_id as id,l.product_name as product_name\r\nFROM #__virtuemart_products as p\r\nJOIN #__virtuemart_products_en_gb as l on l.virtuemart_product_id=p.virtuemart_product_id\r\nORDER BY p.virtuemart_product_id\r\n\";\r\n$db->setQuery($q);\r\n$data = $db->loadObjectList();\r\n$string = \'\';\r\n$curentproductid=  JRequest::getVar(\'pid\');\r\n\r\nif (!empty($data)) {\r\n    foreach ($data as $data_row) {\r\n        if($curentproductid==$data_row->id) $check = \"selected\";\r\n        else $check=\"\";\r\n        $string .= \'<option value=\"\' . $data_row->product_name . \'\" \'.$check.\'>\' . $data_row->product_name . \'</option>\';\r\n    }\r\n}\r\n\r\n$str = \'\r\n    <select class=\"rsform-select-box\" id=\"productname\" name=\"form[productname][]\">\r\n        \' . $string . \'\r\n    </select>\r\n\';\r\n\r\n$formLayout = str_replace(\'@ITEM\', $str, $formLayout);','','','','0','','','(*)','<p class=\"formRed\">Please complete all required fields!</p>','\\n','1','','userForm','','','','0','','1','0','0' )]]></task>
	<task type="eval" source="">$GLOBALS['q_FormId'] = $db->insertid();</task>
	<task type="eval" source="">$GLOBALS['ComponentIds'] = array();</task>
	<task type="query"><![CDATA[INSERT INTO `#__rsform_components` (`ComponentId`,`FormId`,`ComponentTypeId`,`Order`,`Published`) VALUES ('','{FormId}','10','1','1' )]]></task>
	<task type="eval" source="">$GLOBALS['q_ComponentId'] = $db->insertid();</task>
	<task type="query"><![CDATA[INSERT INTO `#__rsform_properties` (`PropertyId`,`ComponentId`,`PropertyName`,`PropertyValue`) VALUES ('','{ComponentId}','NAME','intro' )]]></task>
	<task type="query"><![CDATA[INSERT INTO `#__rsform_properties` (`PropertyId`,`ComponentId`,`PropertyName`,`PropertyValue`) VALUES ('','{ComponentId}','TEXT','<h2>Our Price Match Promise</h2>\r\n<p>Our system contantly price check and price match to our local online and retail stires. There is no need to shop around as we have done all the market search work for you!</p>\r\n<p>We will price match that particular product price, if you find the same product selling cheaper at another Singapore online and retail stores. Look out for the \"Price math logo\"</p>.\r\n<p>For U4ria to match price, please ensure these Terms & Conditions to be met:</p>\r\n<ul>\r\n<li>The cheaper product is in stock & available for immediate dispatch.</li>\r\n<li>The cheaper product is not listed as a sale or promotion item.</li>\r\n<li>The alternative website  is not an auction site such as Ebays.</li>\r\n<li>The cheaper product is being  sold on a Singapore based website and $$.</li>\r\n<li>The cheaper product priced by the alternative website is without malicious of fraudulent intention.</li>\r\n<li>The cheaper product is not a fake/imitation product.</li>\r\n</ul>\r\n<h2>You Have Seen A Cheaper Product At Other Websites?</h2>' )]]></task>
	<task type="query"><![CDATA[INSERT INTO `#__rsform_properties` (`PropertyId`,`ComponentId`,`PropertyName`,`PropertyValue`) VALUES ('','{ComponentId}','EMAILATTACH','' )]]></task>
	<task type="eval" source=""><![CDATA[$GLOBALS['ComponentIds']['intro'] = $GLOBALS['q_ComponentId'];]]></task>
	<task type="query"><![CDATA[INSERT INTO `#__rsform_components` (`ComponentId`,`FormId`,`ComponentTypeId`,`Order`,`Published`) VALUES ('','{FormId}','3','2','1' )]]></task>
	<task type="eval" source="">$GLOBALS['q_ComponentId'] = $db->insertid();</task>
	<task type="query"><![CDATA[INSERT INTO `#__rsform_properties` (`PropertyId`,`ComponentId`,`PropertyName`,`PropertyValue`) VALUES ('','{ComponentId}','NAME','productname' )]]></task>
	<task type="query"><![CDATA[INSERT INTO `#__rsform_properties` (`PropertyId`,`ComponentId`,`PropertyName`,`PropertyValue`) VALUES ('','{ComponentId}','CAPTION','Product:' )]]></task>
	<task type="query"><![CDATA[INSERT INTO `#__rsform_properties` (`PropertyId`,`ComponentId`,`PropertyName`,`PropertyValue`) VALUES ('','{ComponentId}','ITEMS','@ITEM' )]]></task>
	<task type="query"><![CDATA[INSERT INTO `#__rsform_properties` (`PropertyId`,`ComponentId`,`PropertyName`,`PropertyValue`) VALUES ('','{ComponentId}','DESCRIPTION','' )]]></task>
	<task type="query"><![CDATA[INSERT INTO `#__rsform_properties` (`PropertyId`,`ComponentId`,`PropertyName`,`PropertyValue`) VALUES ('','{ComponentId}','REQUIRED','YES' )]]></task>
	<task type="query"><![CDATA[INSERT INTO `#__rsform_properties` (`PropertyId`,`ComponentId`,`PropertyName`,`PropertyValue`) VALUES ('','{ComponentId}','VALIDATIONMESSAGE','Invalid Input' )]]></task>
	<task type="query"><![CDATA[INSERT INTO `#__rsform_properties` (`PropertyId`,`ComponentId`,`PropertyName`,`PropertyValue`) VALUES ('','{ComponentId}','SIZE','' )]]></task>
	<task type="query"><![CDATA[INSERT INTO `#__rsform_properties` (`PropertyId`,`ComponentId`,`PropertyName`,`PropertyValue`) VALUES ('','{ComponentId}','MULTIPLE','NO' )]]></task>
	<task type="query"><![CDATA[INSERT INTO `#__rsform_properties` (`PropertyId`,`ComponentId`,`PropertyName`,`PropertyValue`) VALUES ('','{ComponentId}','ADDITIONALATTRIBUTES','' )]]></task>
	<task type="query"><![CDATA[INSERT INTO `#__rsform_properties` (`PropertyId`,`ComponentId`,`PropertyName`,`PropertyValue`) VALUES ('','{ComponentId}','EMAILATTACH','' )]]></task>
	<task type="eval" source=""><![CDATA[$GLOBALS['ComponentIds']['productname'] = $GLOBALS['q_ComponentId'];]]></task>
	<task type="query"><![CDATA[INSERT INTO `#__rsform_components` (`ComponentId`,`FormId`,`ComponentTypeId`,`Order`,`Published`) VALUES ('','{FormId}','1','3','1' )]]></task>
	<task type="eval" source="">$GLOBALS['q_ComponentId'] = $db->insertid();</task>
	<task type="query"><![CDATA[INSERT INTO `#__rsform_properties` (`PropertyId`,`ComponentId`,`PropertyName`,`PropertyValue`) VALUES ('','{ComponentId}','NAME','website' )]]></task>
	<task type="query"><![CDATA[INSERT INTO `#__rsform_properties` (`PropertyId`,`ComponentId`,`PropertyName`,`PropertyValue`) VALUES ('','{ComponentId}','CAPTION','website:' )]]></task>
	<task type="query"><![CDATA[INSERT INTO `#__rsform_properties` (`PropertyId`,`ComponentId`,`PropertyName`,`PropertyValue`) VALUES ('','{ComponentId}','DEFAULTVALUE','' )]]></task>
	<task type="query"><![CDATA[INSERT INTO `#__rsform_properties` (`PropertyId`,`ComponentId`,`PropertyName`,`PropertyValue`) VALUES ('','{ComponentId}','DESCRIPTION','' )]]></task>
	<task type="query"><![CDATA[INSERT INTO `#__rsform_properties` (`PropertyId`,`ComponentId`,`PropertyName`,`PropertyValue`) VALUES ('','{ComponentId}','REQUIRED','YES' )]]></task>
	<task type="query"><![CDATA[INSERT INTO `#__rsform_properties` (`PropertyId`,`ComponentId`,`PropertyName`,`PropertyValue`) VALUES ('','{ComponentId}','VALIDATIONRULE','none' )]]></task>
	<task type="query"><![CDATA[INSERT INTO `#__rsform_properties` (`PropertyId`,`ComponentId`,`PropertyName`,`PropertyValue`) VALUES ('','{ComponentId}','VALIDATIONMESSAGE','Invalid Input' )]]></task>
	<task type="query"><![CDATA[INSERT INTO `#__rsform_properties` (`PropertyId`,`ComponentId`,`PropertyName`,`PropertyValue`) VALUES ('','{ComponentId}','SIZE','20' )]]></task>
	<task type="query"><![CDATA[INSERT INTO `#__rsform_properties` (`PropertyId`,`ComponentId`,`PropertyName`,`PropertyValue`) VALUES ('','{ComponentId}','MAXSIZE','' )]]></task>
	<task type="query"><![CDATA[INSERT INTO `#__rsform_properties` (`PropertyId`,`ComponentId`,`PropertyName`,`PropertyValue`) VALUES ('','{ComponentId}','ADDITIONALATTRIBUTES','' )]]></task>
	<task type="query"><![CDATA[INSERT INTO `#__rsform_properties` (`PropertyId`,`ComponentId`,`PropertyName`,`PropertyValue`) VALUES ('','{ComponentId}','EMAILATTACH','' )]]></task>
	<task type="eval" source=""><![CDATA[$GLOBALS['ComponentIds']['website'] = $GLOBALS['q_ComponentId'];]]></task>
	<task type="query"><![CDATA[INSERT INTO `#__rsform_components` (`ComponentId`,`FormId`,`ComponentTypeId`,`Order`,`Published`) VALUES ('','{FormId}','1','4','1' )]]></task>
	<task type="eval" source="">$GLOBALS['q_ComponentId'] = $db->insertid();</task>
	<task type="query"><![CDATA[INSERT INTO `#__rsform_properties` (`PropertyId`,`ComponentId`,`PropertyName`,`PropertyValue`) VALUES ('','{ComponentId}','NAME','price' )]]></task>
	<task type="query"><![CDATA[INSERT INTO `#__rsform_properties` (`PropertyId`,`ComponentId`,`PropertyName`,`PropertyValue`) VALUES ('','{ComponentId}','CAPTION','Price:' )]]></task>
	<task type="query"><![CDATA[INSERT INTO `#__rsform_properties` (`PropertyId`,`ComponentId`,`PropertyName`,`PropertyValue`) VALUES ('','{ComponentId}','DEFAULTVALUE','' )]]></task>
	<task type="query"><![CDATA[INSERT INTO `#__rsform_properties` (`PropertyId`,`ComponentId`,`PropertyName`,`PropertyValue`) VALUES ('','{ComponentId}','DESCRIPTION','' )]]></task>
	<task type="query"><![CDATA[INSERT INTO `#__rsform_properties` (`PropertyId`,`ComponentId`,`PropertyName`,`PropertyValue`) VALUES ('','{ComponentId}','REQUIRED','NO' )]]></task>
	<task type="query"><![CDATA[INSERT INTO `#__rsform_properties` (`PropertyId`,`ComponentId`,`PropertyName`,`PropertyValue`) VALUES ('','{ComponentId}','VALIDATIONRULE','none' )]]></task>
	<task type="query"><![CDATA[INSERT INTO `#__rsform_properties` (`PropertyId`,`ComponentId`,`PropertyName`,`PropertyValue`) VALUES ('','{ComponentId}','VALIDATIONMESSAGE','Invalid Input' )]]></task>
	<task type="query"><![CDATA[INSERT INTO `#__rsform_properties` (`PropertyId`,`ComponentId`,`PropertyName`,`PropertyValue`) VALUES ('','{ComponentId}','SIZE','20' )]]></task>
	<task type="query"><![CDATA[INSERT INTO `#__rsform_properties` (`PropertyId`,`ComponentId`,`PropertyName`,`PropertyValue`) VALUES ('','{ComponentId}','MAXSIZE','' )]]></task>
	<task type="query"><![CDATA[INSERT INTO `#__rsform_properties` (`PropertyId`,`ComponentId`,`PropertyName`,`PropertyValue`) VALUES ('','{ComponentId}','ADDITIONALATTRIBUTES','' )]]></task>
	<task type="query"><![CDATA[INSERT INTO `#__rsform_properties` (`PropertyId`,`ComponentId`,`PropertyName`,`PropertyValue`) VALUES ('','{ComponentId}','EMAILATTACH','' )]]></task>
	<task type="eval" source=""><![CDATA[$GLOBALS['ComponentIds']['price'] = $GLOBALS['q_ComponentId'];]]></task>
	<task type="query"><![CDATA[INSERT INTO `#__rsform_components` (`ComponentId`,`FormId`,`ComponentTypeId`,`Order`,`Published`) VALUES ('','{FormId}','1','5','1' )]]></task>
	<task type="eval" source="">$GLOBALS['q_ComponentId'] = $db->insertid();</task>
	<task type="query"><![CDATA[INSERT INTO `#__rsform_properties` (`PropertyId`,`ComponentId`,`PropertyName`,`PropertyValue`) VALUES ('','{ComponentId}','NAME','how' )]]></task>
	<task type="query"><![CDATA[INSERT INTO `#__rsform_properties` (`PropertyId`,`ComponentId`,`PropertyName`,`PropertyValue`) VALUES ('','{ComponentId}','CAPTION','How Did You Know About This Site?' )]]></task>
	<task type="query"><![CDATA[INSERT INTO `#__rsform_properties` (`PropertyId`,`ComponentId`,`PropertyName`,`PropertyValue`) VALUES ('','{ComponentId}','DEFAULTVALUE','' )]]></task>
	<task type="query"><![CDATA[INSERT INTO `#__rsform_properties` (`PropertyId`,`ComponentId`,`PropertyName`,`PropertyValue`) VALUES ('','{ComponentId}','DESCRIPTION','' )]]></task>
	<task type="query"><![CDATA[INSERT INTO `#__rsform_properties` (`PropertyId`,`ComponentId`,`PropertyName`,`PropertyValue`) VALUES ('','{ComponentId}','REQUIRED','YES' )]]></task>
	<task type="query"><![CDATA[INSERT INTO `#__rsform_properties` (`PropertyId`,`ComponentId`,`PropertyName`,`PropertyValue`) VALUES ('','{ComponentId}','VALIDATIONRULE','none' )]]></task>
	<task type="query"><![CDATA[INSERT INTO `#__rsform_properties` (`PropertyId`,`ComponentId`,`PropertyName`,`PropertyValue`) VALUES ('','{ComponentId}','VALIDATIONMESSAGE','Invalid Input' )]]></task>
	<task type="query"><![CDATA[INSERT INTO `#__rsform_properties` (`PropertyId`,`ComponentId`,`PropertyName`,`PropertyValue`) VALUES ('','{ComponentId}','SIZE','20' )]]></task>
	<task type="query"><![CDATA[INSERT INTO `#__rsform_properties` (`PropertyId`,`ComponentId`,`PropertyName`,`PropertyValue`) VALUES ('','{ComponentId}','MAXSIZE','' )]]></task>
	<task type="query"><![CDATA[INSERT INTO `#__rsform_properties` (`PropertyId`,`ComponentId`,`PropertyName`,`PropertyValue`) VALUES ('','{ComponentId}','ADDITIONALATTRIBUTES','' )]]></task>
	<task type="query"><![CDATA[INSERT INTO `#__rsform_properties` (`PropertyId`,`ComponentId`,`PropertyName`,`PropertyValue`) VALUES ('','{ComponentId}','EMAILATTACH','' )]]></task>
	<task type="eval" source=""><![CDATA[$GLOBALS['ComponentIds']['how'] = $GLOBALS['q_ComponentId'];]]></task>
	<task type="query"><![CDATA[INSERT INTO `#__rsform_components` (`ComponentId`,`FormId`,`ComponentTypeId`,`Order`,`Published`) VALUES ('','{FormId}','13','7','1' )]]></task>
	<task type="eval" source="">$GLOBALS['q_ComponentId'] = $db->insertid();</task>
	<task type="query"><![CDATA[INSERT INTO `#__rsform_properties` (`PropertyId`,`ComponentId`,`PropertyName`,`PropertyValue`) VALUES ('','{ComponentId}','NAME','submit' )]]></task>
	<task type="query"><![CDATA[INSERT INTO `#__rsform_properties` (`PropertyId`,`ComponentId`,`PropertyName`,`PropertyValue`) VALUES ('','{ComponentId}','LABEL','Submit >>' )]]></task>
	<task type="query"><![CDATA[INSERT INTO `#__rsform_properties` (`PropertyId`,`ComponentId`,`PropertyName`,`PropertyValue`) VALUES ('','{ComponentId}','CAPTION','' )]]></task>
	<task type="query"><![CDATA[INSERT INTO `#__rsform_properties` (`PropertyId`,`ComponentId`,`PropertyName`,`PropertyValue`) VALUES ('','{ComponentId}','RESET','NO' )]]></task>
	<task type="query"><![CDATA[INSERT INTO `#__rsform_properties` (`PropertyId`,`ComponentId`,`PropertyName`,`PropertyValue`) VALUES ('','{ComponentId}','RESETLABEL','' )]]></task>
	<task type="query"><![CDATA[INSERT INTO `#__rsform_properties` (`PropertyId`,`ComponentId`,`PropertyName`,`PropertyValue`) VALUES ('','{ComponentId}','BUTTONTYPE','TYPEINPUT' )]]></task>
	<task type="query"><![CDATA[INSERT INTO `#__rsform_properties` (`PropertyId`,`ComponentId`,`PropertyName`,`PropertyValue`) VALUES ('','{ComponentId}','ADDITIONALATTRIBUTES','' )]]></task>
	<task type="query"><![CDATA[INSERT INTO `#__rsform_properties` (`PropertyId`,`ComponentId`,`PropertyName`,`PropertyValue`) VALUES ('','{ComponentId}','EMAILATTACH','' )]]></task>
	<task type="eval" source=""><![CDATA[$GLOBALS['ComponentIds']['submit'] = $GLOBALS['q_ComponentId'];]]></task>
	<task type="query"><![CDATA[INSERT INTO `#__rsform_components` (`ComponentId`,`FormId`,`ComponentTypeId`,`Order`,`Published`) VALUES ('','{FormId}','10','6','1' )]]></task>
	<task type="eval" source="">$GLOBALS['q_ComponentId'] = $db->insertid();</task>
	<task type="query"><![CDATA[INSERT INTO `#__rsform_properties` (`PropertyId`,`ComponentId`,`PropertyName`,`PropertyValue`) VALUES ('','{ComponentId}','NAME','footertex' )]]></task>
	<task type="query"><![CDATA[INSERT INTO `#__rsform_properties` (`PropertyId`,`ComponentId`,`PropertyName`,`PropertyValue`) VALUES ('','{ComponentId}','TEXT','After we have confirmed the product you submit satisfy our terms and condition, we will match the price at u4riashop.com.sg and let you know through email. Be ready for your new purchase  with our Price Match Policy!' )]]></task>
	<task type="query"><![CDATA[INSERT INTO `#__rsform_properties` (`PropertyId`,`ComponentId`,`PropertyName`,`PropertyValue`) VALUES ('','{ComponentId}','EMAILATTACH','' )]]></task>
	<task type="eval" source=""><![CDATA[$GLOBALS['ComponentIds']['footertex'] = $GLOBALS['q_ComponentId'];]]></task>
	<task type="query"><![CDATA[INSERT INTO `#__rsform_posts` (`form_id`,`enabled`,`method`,`silent`,`url`) VALUES ('{FormId}','0','1','1','http://' )]]></task>
	<task type="query"><![CDATA[INSERT INTO `#__rsform_forms` (`FormId`,`FormName`,`FormLayout`,`FormLayoutName`,`FormLayoutAutogenerate`,`CSS`,`JS`,`FormTitle`,`Published`,`Lang`,`ReturnUrl`,`ShowThankyou`,`Thankyou`,`ShowContinue`,`UserEmailText`,`UserEmailTo`,`UserEmailCC`,`UserEmailBCC`,`UserEmailFrom`,`UserEmailReplyTo`,`UserEmailFromName`,`UserEmailSubject`,`UserEmailMode`,`UserEmailAttach`,`UserEmailAttachFile`,`AdminEmailText`,`AdminEmailTo`,`AdminEmailCC`,`AdminEmailBCC`,`AdminEmailFrom`,`AdminEmailReplyTo`,`AdminEmailFromName`,`AdminEmailSubject`,`AdminEmailMode`,`ScriptProcess`,`ScriptProcess2`,`ScriptDisplay`,`UserEmailScript`,`AdminEmailScript`,`AdditionalEmailsScript`,`MetaTitle`,`MetaDesc`,`MetaKeywords`,`Required`,`ErrorMessage`,`MultipleSeparator`,`TextareaNewLines`,`CSSClass`,`CSSId`,`CSSName`,`CSSAction`,`CSSAdditionalAttributes`,`AjaxValidation`,`ThemeParams`,`Keepdata`,`Backendmenu`,`ConfirmSubmission`) VALUES ('','Email To Friend','<table border=\"0\"  style=\"margin: 0px auto;\">\r\n	<tr class=\"rsform-block rsform-block-email-friend\">\r\n		<td>{email_friend:caption}</td>\r\n		<td>{email_friend:body}<div class=\"formClr\"></div>{email_friend:validation}</td>\r\n		<td>{email_friend:description}</td>\r\n	</tr>\r\n	<tr class=\"rsform-block rsform-block-listid\">\r\n		<td>{listid:caption}</td>\r\n		<td>{listid:body}<div class=\"formClr\"></div>{listid:validation}</td>\r\n		<td>{listid:description}</td>\r\n	</tr>\r\n	<tr class=\"rsform-block rsform-block-send\">\r\n		<td>{send:caption}</td>\r\n		<td>{send:body}<div class=\"formClr\"></div>{send:validation}</td>\r\n		<td>{send:description}</td>\r\n	</tr>\r\n</table>','inline','0','','','Email To Friend','1','en-GB','','1','','1','<p>Email send from a friend of you:</p>\r\n<p>List product from Wishlist</p>\r\n<p>{listid:value}</p>','{email_friend:value}','','','u4ria@u4ria.com','','u4ria','Email To Friend Product Wishlist','1','0','','<pre>{listid:value}</pre>','nguyendat.vn@gmail.com','','','u4ria@u4ria.com','','Customers Send Mail Friend','','1','','','','$userEmail = str_replace(\'@@@\',\'<br/>\' ,$userEmail);','$adminEmail = str_replace(\'@@@\',\'<br/>\' ,$adminEmail );','$additionalEmail = str_replace(\'@@@\',\'<br/>\' ,$additionalEmail );','0','','','(*)','<p class=\"formRed\">Please complete all required fields!</p>','\\n','1','','EmailToFriend','','','','1','','1','0','0' )]]></task>
	<task type="eval" source="">$GLOBALS['q_FormId'] = $db->insertid();</task>
	<task type="eval" source="">$GLOBALS['ComponentIds'] = array();</task>
	<task type="query"><![CDATA[INSERT INTO `#__rsform_components` (`ComponentId`,`FormId`,`ComponentTypeId`,`Order`,`Published`) VALUES ('','{FormId}','13','2','1' )]]></task>
	<task type="eval" source="">$GLOBALS['q_ComponentId'] = $db->insertid();</task>
	<task type="query"><![CDATA[INSERT INTO `#__rsform_properties` (`PropertyId`,`ComponentId`,`PropertyName`,`PropertyValue`) VALUES ('','{ComponentId}','NAME','send' )]]></task>
	<task type="query"><![CDATA[INSERT INTO `#__rsform_properties` (`PropertyId`,`ComponentId`,`PropertyName`,`PropertyValue`) VALUES ('','{ComponentId}','LABEL','Send' )]]></task>
	<task type="query"><![CDATA[INSERT INTO `#__rsform_properties` (`PropertyId`,`ComponentId`,`PropertyName`,`PropertyValue`) VALUES ('','{ComponentId}','CAPTION','' )]]></task>
	<task type="query"><![CDATA[INSERT INTO `#__rsform_properties` (`PropertyId`,`ComponentId`,`PropertyName`,`PropertyValue`) VALUES ('','{ComponentId}','RESET','NO' )]]></task>
	<task type="query"><![CDATA[INSERT INTO `#__rsform_properties` (`PropertyId`,`ComponentId`,`PropertyName`,`PropertyValue`) VALUES ('','{ComponentId}','RESETLABEL','' )]]></task>
	<task type="query"><![CDATA[INSERT INTO `#__rsform_properties` (`PropertyId`,`ComponentId`,`PropertyName`,`PropertyValue`) VALUES ('','{ComponentId}','BUTTONTYPE','TYPEINPUT' )]]></task>
	<task type="query"><![CDATA[INSERT INTO `#__rsform_properties` (`PropertyId`,`ComponentId`,`PropertyName`,`PropertyValue`) VALUES ('','{ComponentId}','ADDITIONALATTRIBUTES','' )]]></task>
	<task type="query"><![CDATA[INSERT INTO `#__rsform_properties` (`PropertyId`,`ComponentId`,`PropertyName`,`PropertyValue`) VALUES ('','{ComponentId}','EMAILATTACH','' )]]></task>
	<task type="eval" source=""><![CDATA[$GLOBALS['ComponentIds']['send'] = $GLOBALS['q_ComponentId'];]]></task>
	<task type="query"><![CDATA[INSERT INTO `#__rsform_components` (`ComponentId`,`FormId`,`ComponentTypeId`,`Order`,`Published`) VALUES ('','{FormId}','11','1','1' )]]></task>
	<task type="eval" source="">$GLOBALS['q_ComponentId'] = $db->insertid();</task>
	<task type="query"><![CDATA[INSERT INTO `#__rsform_properties` (`PropertyId`,`ComponentId`,`PropertyName`,`PropertyValue`) VALUES ('','{ComponentId}','EMAILATTACH','' )]]></task>
	<task type="query"><![CDATA[INSERT INTO `#__rsform_properties` (`PropertyId`,`ComponentId`,`PropertyName`,`PropertyValue`) VALUES ('','{ComponentId}','ADDITIONALATTRIBUTES','' )]]></task>
	<task type="query"><![CDATA[INSERT INTO `#__rsform_properties` (`PropertyId`,`ComponentId`,`PropertyName`,`PropertyValue`) VALUES ('','{ComponentId}','DEFAULTVALUE','' )]]></task>
	<task type="query"><![CDATA[INSERT INTO `#__rsform_properties` (`PropertyId`,`ComponentId`,`PropertyName`,`PropertyValue`) VALUES ('','{ComponentId}','NAME','listid' )]]></task>
	<task type="eval" source=""><![CDATA[$GLOBALS['ComponentIds']['listid'] = $GLOBALS['q_ComponentId'];]]></task>
	<task type="query"><![CDATA[INSERT INTO `#__rsform_components` (`ComponentId`,`FormId`,`ComponentTypeId`,`Order`,`Published`) VALUES ('','{FormId}','1','0','1' )]]></task>
	<task type="eval" source="">$GLOBALS['q_ComponentId'] = $db->insertid();</task>
	<task type="query"><![CDATA[INSERT INTO `#__rsform_properties` (`PropertyId`,`ComponentId`,`PropertyName`,`PropertyValue`) VALUES ('','{ComponentId}','EMAILATTACH','' )]]></task>
	<task type="query"><![CDATA[INSERT INTO `#__rsform_properties` (`PropertyId`,`ComponentId`,`PropertyName`,`PropertyValue`) VALUES ('','{ComponentId}','ADDITIONALATTRIBUTES','' )]]></task>
	<task type="query"><![CDATA[INSERT INTO `#__rsform_properties` (`PropertyId`,`ComponentId`,`PropertyName`,`PropertyValue`) VALUES ('','{ComponentId}','MAXSIZE','' )]]></task>
	<task type="query"><![CDATA[INSERT INTO `#__rsform_properties` (`PropertyId`,`ComponentId`,`PropertyName`,`PropertyValue`) VALUES ('','{ComponentId}','SIZE','30' )]]></task>
	<task type="query"><![CDATA[INSERT INTO `#__rsform_properties` (`PropertyId`,`ComponentId`,`PropertyName`,`PropertyValue`) VALUES ('','{ComponentId}','VALIDATIONMESSAGE','Invalid Input' )]]></task>
	<task type="query"><![CDATA[INSERT INTO `#__rsform_properties` (`PropertyId`,`ComponentId`,`PropertyName`,`PropertyValue`) VALUES ('','{ComponentId}','VALIDATIONRULE','none' )]]></task>
	<task type="query"><![CDATA[INSERT INTO `#__rsform_properties` (`PropertyId`,`ComponentId`,`PropertyName`,`PropertyValue`) VALUES ('','{ComponentId}','REQUIRED','NO' )]]></task>
	<task type="query"><![CDATA[INSERT INTO `#__rsform_properties` (`PropertyId`,`ComponentId`,`PropertyName`,`PropertyValue`) VALUES ('','{ComponentId}','DESCRIPTION','' )]]></task>
	<task type="query"><![CDATA[INSERT INTO `#__rsform_properties` (`PropertyId`,`ComponentId`,`PropertyName`,`PropertyValue`) VALUES ('','{ComponentId}','DEFAULTVALUE','' )]]></task>
	<task type="query"><![CDATA[INSERT INTO `#__rsform_properties` (`PropertyId`,`ComponentId`,`PropertyName`,`PropertyValue`) VALUES ('','{ComponentId}','CAPTION','email' )]]></task>
	<task type="query"><![CDATA[INSERT INTO `#__rsform_properties` (`PropertyId`,`ComponentId`,`PropertyName`,`PropertyValue`) VALUES ('','{ComponentId}','NAME','email_friend' )]]></task>
	<task type="eval" source=""><![CDATA[$GLOBALS['ComponentIds']['email_friend'] = $GLOBALS['q_ComponentId'];]]></task>
	<task type="query"><![CDATA[INSERT INTO `#__rsform_posts` (`form_id`,`enabled`,`method`,`silent`,`url`) VALUES ('{FormId}','0','1','1','http://' )]]></task>
</tasks>
</RSinstall>